{
    "animations": {
        "animation.feiliaoshang.new": {
            "animation_length": 2.0417,
            "bones": {
                "ARML": {
                    "rotation": {
                        "0.0": [
                            0,
                            0,
                            0
                        ],
                        "0.7917": [
                            -16.05518,
                            -38.73976,
                            -11.48727
                        ],
                        "1.4167": [
                            -59.68633,
                            -57.41982,
                            18.93807
                        ],
                        "2.0417": [
                            0,
                            0,
                            0
                        ]
                    }
                },
                "ARMR": {
                    "rotation": {
                        "0.0": [
                            0,
                            0,
                            0
                        ],
                        "0.75": [
                            -21.90842,
                            6.21271,
                            10.86815
                        ],
                        "1.0417": [
                            -31.28408,
                            6.21158,
                            10.86892
                        ],
                        "1.375": [
                            -14.41,
                            6.21,
                            10.87
                        ],
                        "1.625": [
                            -11.91,
                            6.21,
                            10.87
                        ],
                        "2.0": [
                            0,
                            0,
                            0
                        ]
                    }
                },
                "BODY": {
                    "rotation": {
                        "0.0": [
                            0,
                            0,
                            0
                        ],
                        "0.7917": [
                            27.5,
                            0,
                            0
                        ],
                        "1.4167": [
                            40.06397,
                            -7.43547,
                            -0.98448
                        ],
                        "2.0": [
                            0,
                            0,
                            0
                        ]
                    }
                },
                "hat": {
                    "position": [
                        0,
                        -1,
                        0
                    ]
                },
                "head": {
                    "rotation": {
                        "0.0": [
                            0,
                            0,
                            0
                        ],
                        "0.6667": [
                            5.76863,
                            -29.8742,
                            -2.88066
                        ],
                        "1.0": [
                            18.26863,
                            -29.8742,
                            -2.88066
                        ],
                        "1.2917": [
                            10.76863,
                            -29.8742,
                            -2.88066
                        ],
                        "1.6667": [
                            30.76863,
                            -29.8742,
                            -2.88066
                        ],
                        "2.0": [
                            0,
                            0,
                            0
                        ]
                    }
                }
            },
            "particle_effects": {

            }
        }
    },
    "format_version": "1.8.0"
}