{
    "animations": {
        "animation.huishoushang.new": {
            "animation_length": 2.04167,
            "bones": {
                "ARML": {
                    "rotation": {
                        "0.0": [
                            0,
                            0,
                            0
                        ],
                        "0.5": [
                            -12.3287,
                            -25.32895,
                            -16.1578
                        ],
                        "0.75": [
                            -9.95536,
                            -26.29706,
                            -21.60985
                        ],
                        "1.0": [
                            -15.64504,
                            -23.51619,
                            -8.16651
                        ],
                        "1.25": [
                            -9.95536,
                            -26.29706,
                            -21.60985
                        ],
                        "1.4583": [
                            -20.56908,
                            -23.86322,
                            -27.98481
                        ],
                        "1.5": [
                            -34.14,
                            -17.53,
                            -14.41
                        ],
                        "2.0": [
                            0,
                            0,
                            0
                        ]
                    }
                },
                "ARMR": {
                    "rotation": {
                        "0.0": [
                            0,
                            0,
                            0
                        ],
                        "0.5": [
                            -19.37006,
                            5.07855,
                            14.13272
                        ],
                        "0.75": [
                            -31.64314,
                            5.90316,
                            16.50371
                        ],
                        "1.0": [
                            -19.37006,
                            5.07855,
                            14.13272
                        ],
                        "1.25": [
                            -31.64314,
                            5.90316,
                            16.50371
                        ],
                        "1.5": [
                            -19.37006,
                            5.07855,
                            14.13272
                        ],
                        "2.0": [
                            0,
                            0,
                            0
                        ]
                    }
                },
                "BODY": {
                    "rotation": {
                        "0.0": [
                            0,
                            0,
                            0
                        ],
                        "0.5": [
                            0,
                            12.5,
                            0
                        ],
                        "2.0417": [
                            0,
                            0,
                            0
                        ]
                    }
                },
                "head": {
                    "rotation": {
                        "0.0": [
                            0,
                            0,
                            0
                        ],
                        "0.5": [
                            0,
                            -15,
                            0
                        ],
                        "0.75": [
                            12.5,
                            -15,
                            0
                        ],
                        "1.0": [
                            26.41396,
                            -29.60871,
                            -3.69426
                        ],
                        "1.25": [
                            21.41,
                            -29.61,
                            -3.69
                        ],
                        "2.0": [
                            0,
                            0,
                            0
                        ]
                    }
                }
            },
            "particle_effects": {

            }
        }
    },
    "format_version": "1.8.0"
}