{
    "animations": {
        "animation.zhongzi.new2": {
            "animation_length": 2,
            "bones": {
                "ARML": {
                    "rotation": {
                        "0.0": [
                            0,
                            0,
                            0
                        ],
                        "0.7917": [
                            -17.7018,
                            -26.62243,
                            -13.8029
                        ],
                        "1.5": [
                            -32.72024,
                            -28.0379,
                            -19.19781
                        ],
                        "2.0": [
                            0,
                            0,
                            0
                        ]
                    }
                },
                "ARMR": {
                    "rotation": {
                        "0.0": [
                            0,
                            0,
                            0
                        ],
                        "0.5": [
                            10,
                            0,
                            17.5
                        ],
                        "0.75": [
                            10.68307,
                            6.48365,
                            23.76395
                        ],
                        "1.0": [
                            8.65675,
                            9.01365,
                            8.8373
                        ],
                        "1.2083": [
                            10.68307,
                            6.48365,
                            23.76395
                        ],
                        "1.5": [
                            8.65675,
                            9.01365,
                            8.8373
                        ],
                        "2.0": [
                            0,
                            0,
                            0
                        ]
                    }
                },
                "BODY": {
                    "rotation": {
                        "0.0": [
                            0,
                            0,
                            0
                        ],
                        "0.5": [
                            0,
                            32.5,
                            0
                        ],
                        "1.5": [
                            0,
                            25,
                            0
                        ],
                        "2.0": [
                            0,
                            0,
                            0
                        ]
                    }
                },
                "head": {
                    "rotation": {
                        "0.0": [
                            0,
                            0,
                            0
                        ],
                        "0.5": [
                            11.00966,
                            -24.59477,
                            -4.62934
                        ],
                        "1.0": [
                            19.00177,
                            -44.13125,
                            -9.85147
                        ],
                        "1.5": [
                            13.86851,
                            -12.86189,
                            0.48654
                        ],
                        "2.0": [
                            0,
                            0,
                            0
                        ]
                    }
                }
            },
            "particle_effects": {

            }
        }
    },
    "format_version": "1.8.0"
}